title|date|answers|url|post|area
Qual é a definição de empresa?|em 31 de março de 2013|0|/354/qual-e-a-definicao-de-empresa|Carolina, a sua resposta foi publicada como comentário. Por favor, publique-a como resposta clicando no botão Responder para receber avaliações e ganhar pontos.|empresarial
Existem vedações legais ao exercício de empresa?|em 24 de março de 2013|0|/355/existem-vedacoes-legais-ao-exercicio-de-empresa|0|empresarial
Qual é a diferença entre o valor de negociação, o valor econômico e o preço de emissão de uma ação?|em 5 de março de 2013|0|/286/diferenca-entre-negociacao-valor-economico-preco-emissao|Pedro, deixe outras pessoas tentarem responder as suas perguntas.|empresarial
Qual é a diferença entre o valor nominal e o valor patrimonial de uma ação?|em 5 de março de 2013|0|/284/qual-diferenca-entre-valor-nominal-valor-patrimonial-acao|0|empresarial
Sócio declarado incapaz pode permanecer em sociedade empresária?|em 27 de fevereiro de 2013|0|/198/socio-declarado-incapaz-permanecer-sociedade-empresaria|0|empresarial
Quais as principais diferenças entre a responsabilidade dos sócios na sociedade limitada e na sociedade anônima?|em 24 de fevereiro de 2013|0|/190/principais-diferencas-responsabilidade-sociedade-sociedade|0|empresarial
É possível cumular cargos de conselheiro administrativo em diferentes sociedades?|em 18 de fevereiro de 2013|0|/196/possivel-conselheiro-administrativo-diferentes-sociedades|0|empresarial
O avalista responde por nota promissória falsificada?|em 14 de fevereiro de 2013|0|/200/o-avalista-responde-por-nota-promissoria-falsificada|0|empresarial
O que são debêntures?|em 20 de novembro de 2012|0|/166/o-que-sao-debentures|0|empresarial
Como se dá a integralização do capital social nas sociedades por ações através da entrega de bens à sociedade?|em 25 de setembro de 2012|0|/117/integralizacao-capital-sociedades-atraves-entrega-sociedade|0|empresarial
